,Date-Monthly,precip,mintemp,maxtemp,DAP,Urea,Rural population,Total Population - Both sexes,Total Population - Female,Total Population - Male,Urban population,Average dietary energy supply adequacy (percent) (3-year average),Political stability and absence of violence/terrorism (index),Agricultural land (1000 ha),Arable land (1000 ha),Country area (1000 ha),Cropland (1000 ha),Forest land (1000 ha),Land area (1000 ha),Land under permanent crops (1000 ha),Other naturally regenerated forest (1000 ha),Planted Forest (1000 ha),Primary Forest (1000 ha),price
0,Jan-10,13.941298,13.327754,24.736055,0.5654886571573448,0.48832646222359394,8418.583166666667,9932.434666666666,5064.679833333334,4867.7548333333325,1716.0105,108.0,-0.27,1803.92,1123.92,2634.0,1373.92,446.0,2467.0,250.0,55.0,384.0,7.0,0.42
1,Feb-10,31.847662000000003,13.0146265,24.108701999999997,0.5654886571573448,0.48832646222359394,8437.195333333333,9953.815333333334,5075.435666666666,4878.379666666666,1719.848,108.0,-0.27,1803.92,1123.92,2634.0,1373.92,446.0,2467.0,250.0,55.0,384.0,7.0,0.42
2,Mar-10,15.493356,14.120647,24.633526,0.5654886571573448,0.48832646222359394,8455.8075,9975.196,5086.1915,4889.004499999999,1723.6855,108.0,-0.27,1803.92,1123.92,2634.0,1373.92,446.0,2467.0,250.0,55.0,384.0,7.0,0.42
3,Apr-10,18.309883,13.764366,24.545443,0.5654886571573448,0.48832646222359394,8474.419666666667,9996.576666666666,5096.9473333333335,4899.629333333333,1727.5230000000001,108.0,-0.27,1803.92,1123.92,2634.0,1373.92,446.0,2467.0,250.0,55.0,384.0,7.0,0.37
4,May-10,15.413672,13.781482,23.507832,0.5654886571573448,0.48832646222359394,8493.031833333334,10017.957333333334,5107.703166666666,4910.254166666667,1731.3605,108.0,-0.27,1803.92,1123.92,2634.0,1373.92,446.0,2467.0,250.0,55.0,384.0,7.0,0.44
5,Jun-10,5.514946999999999,12.877957,24.445251000000003,0.5654886571573448,0.48832646222359394,8511.644,10039.338,5118.459,4920.879,1735.198,108.0,-0.27,1803.92,1123.92,2634.0,1373.92,446.0,2467.0,250.0,55.0,384.0,7.0,0.46
6,Jul-10,2.8025729999999998,12.439471000000001,25.43517,0.5654886571573448,0.48832646222359394,8530.242666666667,10060.504083333333,5129.093666666667,4931.410583333333,1739.0350833333334,108.16666666666667,-0.2625,1804.9633333333334,1125.38,2634.0,1375.38,446.56666666666666,2467.0,250.0,55.0,384.56666666666666,7.0,0.42
7,Aug-10,5.4492935,12.803041,25.996698000000002,0.7275292665182214,0.552260852311559,8548.841333333334,10081.670166666667,5139.7283333333335,4941.942166666667,1742.8721666666668,108.33333333333333,-0.255,1806.0066666666667,1126.8400000000001,2634.0,1376.8400000000001,447.1333333333333,2467.0,250.0,55.0,385.1333333333333,7.0,0.42
8,Sep-10,12.762316000000002,13.049846,25.569067,0.8476818272007761,0.6261160960338632,8567.44,10102.83625,5150.362999999999,4952.47375,1746.70925,108.5,-0.2475,1807.0500000000002,1128.3000000000002,2634.0,1378.3000000000002,447.7,2467.0,250.0,55.0,385.7,7.0,0.46
9,Oct-10,14.442522,13.384651000000002,25.218510000000002,0.862011949117044,0.6459578033025419,8586.038666666667,10124.002333333334,5160.997666666666,4963.0053333333335,1750.5463333333335,108.66666666666667,-0.24000000000000002,1808.0933333333335,1129.76,2634.0,1379.76,448.26666666666665,2467.0,250.0,55.0,386.26666666666665,7.0,0.59
10,Nov-10,15.476213000000001,13.210030999999999,24.361786,0.7870543883242577,0.5776141449326485,8604.637333333334,10145.168416666667,5171.632333333333,4973.536916666667,1754.3834166666668,108.83333333333333,-0.2325,1809.1366666666668,1131.22,2634.0,1381.22,448.8333333333333,2467.0,250.0,55.0,386.8333333333333,7.0,0.57
11,Dec-10,10.271336999999999,13.208295999999999,25.218086,0.7242223153067748,0.5500562181705946,8623.236,10166.3345,5182.267,4984.068499999999,1758.2205,109.0,-0.225,1810.18,1132.68,2634.0,1382.68,449.4,2467.0,250.0,55.0,387.4,7.0,0.57
12,Jan-11,8.140441,13.740254,24.958105,0.8002821931700435,0.6040697546242202,8641.834666666668,10187.500583333333,5192.901666666667,4994.600083333333,1762.0575833333332,109.16666666666667,-0.2175,1811.2233333333334,1134.14,2634.0,1384.14,449.9666666666667,2467.0,250.0,55.0,387.9666666666667,7.0,0.47
13,Feb-11,12.329203000000001,13.596745,24.811653,0.7848497541832933,0.6106836570471129,8660.433333333334,10208.666666666666,5203.5363333333335,5005.131666666666,1765.8946666666666,109.33333333333333,-0.21,1812.2666666666667,1135.6000000000001,2634.0,1385.6000000000001,450.53333333333336,2467.0,250.0,55.0,388.53333333333336,7.0,0.435
14,Mar-11,14.711516,13.887314000000002,24.390642,0.9160254855706697,0.6360369496682026,8679.032000000001,10229.83275,5214.171,5015.66325,1769.73175,109.5,-0.2025,1813.31,1137.06,2634.0,1387.06,451.1,2467.0,250.0,55.0,389.1,7.0,0.4
15,Apr-11,18.495705,13.532248000000001,24.32461,0.9077581075420534,0.6349346325977204,8697.630666666668,10250.998833333333,5224.805666666666,5026.194833333333,1773.5688333333333,109.66666666666667,-0.195,1814.3533333333335,1138.52,2634.0,1388.52,451.6666666666667,2467.0,250.0,55.0,389.6666666666667,7.0,0.44
16,May-11,13.129786999999999,13.924364,24.041164000000002,0.8994907295134373,0.6239114618928989,8716.229333333335,10272.164916666667,5235.440333333333,5036.726416666666,1777.4059166666666,109.83333333333333,-0.1875,1815.3966666666668,1139.98,2634.0,1389.98,452.23333333333335,2467.0,250.0,55.0,390.23333333333335,7.0,0.53
17,Jun-11,5.272933199999999,12.668409,24.378584,0.9160254855706697,0.6691064617826672,8734.828000000001,10293.331,5246.075,5047.258,1781.243,110.0,-0.18,1816.44,1141.44,2634.0,1391.44,452.8,2467.0,250.0,55.0,390.8,7.0,0.63
18,Jul-11,5.754975,12.495374,25.19107,0.9061046319363302,0.6602879252188101,8753.670500000002,10314.692833333334,5256.797333333333,5057.896916666667,1785.1323333333332,110.0,-0.18416666666666667,1816.3808333333334,1142.2141666666666,2634.0,1392.2141666666666,453.3666666666667,2467.0,250.0,55.0,391.3666666666667,7.0,0.63
19,Aug-11,6.6306305000000005,13.236375,24.706245000000003,1.0549174364514209,0.7694173151965431,8772.513,10336.054666666667,5267.519666666667,5068.535833333333,1789.0216666666665,110.0,-0.18833333333333332,1816.3216666666667,1142.9883333333335,2634.0,1392.9883333333335,453.93333333333334,2467.0,250.0,55.0,391.93333333333334,7.0,0.63
20,Sep-11,22.802066000000003,13.204013,24.75778,1.1221587777508324,0.8785467051742764,8791.355500000001,10357.4165,5278.242,5079.17475,1792.911,110.0,-0.1925,1816.2625,1143.7625,2634.0,1393.7625,454.5,2467.0,250.0,55.0,392.5,7.0,0.61
21,Oct-11,14.931408999999999,11.869201,23.44889,1.0934985339182963,0.8311470711435438,8810.198,10378.778333333334,5288.964333333333,5089.813666666667,1796.8003333333334,110.0,-0.19666666666666666,1816.2033333333334,1144.5366666666666,2634.0,1394.5366666666666,455.06666666666666,2467.0,250.0,55.0,393.06666666666666,7.0,0.6
22,Nov-11,17.447563,11.946316,22.428452,1.1166471923984216,0.8763420710333121,8829.040500000001,10400.140166666668,5299.6866666666665,5100.452583333334,1800.6896666666667,110.0,-0.20083333333333334,1816.1441666666667,1145.3108333333334,2634.0,1395.3108333333334,455.6333333333333,2467.0,250.0,55.0,393.6333333333333,7.0,0.55
23,Dec-11,11.523811,12.210032,23.175203,1.1155448753279391,0.8697281686104191,8847.883000000002,10421.502,5310.409,5111.0915,1804.579,110.0,-0.20500000000000002,1816.085,1146.085,2634.0,1396.085,456.20000000000005,2467.0,250.0,55.0,394.20000000000005,7.0,0.53
24,Jan-12,7.2369200000000005,12.259872,24.268173,1.1144425582574573,0.8763420710333121,8866.7255,10442.863833333333,5321.131333333334,5121.730416666666,1808.4683333333332,110.0,-0.20916666666666667,1816.0258333333334,1146.8591666666666,2634.0,1396.8591666666666,456.7666666666667,2467.0,250.0,55.0,394.7666666666667,7.0,0.5
25,Feb-12,11.089718999999999,13.471744000000001,25.419987,1.1144425582574573,0.8730351198218657,8885.568000000001,10464.225666666667,5331.853666666667,5132.369333333333,1812.3576666666665,110.0,-0.21333333333333335,1815.9666666666667,1147.6333333333334,2634.0,1397.6333333333334,457.33333333333337,2467.0,250.0,55.0,395.33333333333337,7.0,0.45
26,Mar-12,12.997485000000001,13.441479999999999,24.523977,1.1122379241164928,0.8708304856809013,8904.4105,10485.587500000001,5342.576,5143.00825,1816.2469999999998,110.0,-0.2175,1815.9075,1148.4075,2634.0,1398.4075,457.90000000000003,2467.0,250.0,55.0,395.90000000000003,7.0,0.5
27,Apr-12,19.991742,12.9501295,23.277039000000002,1.1122379241164928,0.8708304856809013,8923.253,10506.949333333334,5353.298333333334,5153.647166666667,1820.1363333333334,110.0,-0.22166666666666668,1815.8483333333334,1149.1816666666666,2634.0,1399.1816666666666,458.4666666666667,2467.0,250.0,55.0,396.4666666666667,7.0,0.52
28,May-12,12.807938000000002,13.187385,22.723282,1.1111356070460108,0.8708304856809013,8942.0955,10528.311166666666,5364.020666666667,5164.286083333333,1824.0256666666667,110.0,-0.22583333333333333,1815.7891666666667,1149.9558333333334,2634.0,1399.9558333333334,459.03333333333336,2467.0,250.0,55.0,397.03333333333336,7.0,0.48
29,Jun-12,6.703155500000001,12.722576,23.935703,1.1166471923984216,0.8741374368923478,8960.938,10549.673,5374.743,5174.925,1827.915,110.0,-0.23,1815.73,1150.73,2634.0,1400.73,459.6,2467.0,250.0,55.0,397.6,7.0,0.5
30,Jul-12,2.6368807,12.395373,25.133952999999998,1.1111356070460108,0.8708304856809013,8980.022083333333,10571.495083333333,5385.695166666667,5185.7953333333335,1831.85575,109.75,-0.22,1817.9608333333333,1153.3775,2634.0,1403.3775,460.1666666666667,2467.0,250.0,55.0,398.1666666666667,7.0,0.5116666666666667
31,Aug-12,5.9510567000000005,13.400089999999999,25.660414000000003,1.1023170704821534,0.868625851539937,8999.106166666666,10593.317166666668,5396.647333333333,5196.665666666667,1835.7965,109.5,-0.21000000000000002,1820.1916666666666,1156.025,2634.0,1406.025,460.73333333333335,2467.0,250.0,55.0,398.73333333333335,7.0,0.5233333333333333
32,Sep-12,12.461435,12.971894,25.227398,1.0958409576930708,0.8694525893427986,9018.19025,10615.13925,5407.5995,5207.536,1839.73725,109.25,-0.2,1822.4225000000001,1158.6725000000001,2634.0,1408.6725000000001,461.3,2467.0,250.0,55.0,399.3,7.0,0.5349999999999999
33,Oct-12,14.22248,13.602533,24.793509,1.089364844903988,0.8702793271456603,9037.274333333333,10636.961333333335,5418.551666666667,5218.406333333334,1843.6779999999999,109.0,-0.19,1824.6533333333334,1161.32,2634.0,1411.32,461.8666666666667,2467.0,250.0,55.0,399.8666666666667,7.0,0.5466666666666666
34,Nov-12,16.666568,13.246315,23.918903,1.0828887321149054,0.8711060649485218,9056.358416666666,10658.783416666667,5429.503833333333,5229.276666666668,1847.6187499999999,108.75,-0.18,1826.8841666666667,1163.9675,2634.0,1413.9675,462.43333333333334,2467.0,250.0,55.0,400.43333333333334,7.0,0.5583333333333333
35,Dec-12,11.1339935,12.29458,23.450203,1.076412619325823,0.8719328027513835,9075.442500000001,10680.605500000001,5440.456,5240.147000000001,1851.5594999999998,108.5,-0.17,1829.115,1166.615,2634.0,1416.615,463.0,2467.0,250.0,55.0,401.0,7.0,0.57
36,Jan-13,8.632635,13.918204999999999,25.136055,1.0699365065367403,0.8727595405542451,9094.526583333334,10702.427583333334,5451.408166666667,5251.017333333334,1855.50025,108.25,-0.16,1831.3458333333333,1169.2625,2634.0,1419.2625,463.56666666666666,2467.0,250.0,55.0,401.56666666666666,7.0,0.45
37,Feb-13,11.280742,13.262196,24.846724,1.0634603937476577,0.8735862783571067,9113.610666666667,10724.249666666667,5462.360333333333,5261.887666666667,1859.441,108.0,-0.15000000000000002,1833.5766666666666,1171.91,2634.0,1421.91,464.1333333333333,2467.0,250.0,55.0,402.1333333333333,7.0,0.48
38,Mar-13,15.664793,13.884362,24.133526,1.056984280958575,0.8744130161599684,9132.69475,10746.071750000001,5473.3125,5272.758000000002,1863.38175,107.75,-0.14,1835.8075,1174.5575,2634.0,1424.5575,464.7,2467.0,250.0,55.0,402.7,7.0,0.49
39,Apr-13,18.391232,12.418532,21.61211,1.0505081681694923,0.8752397539628299,9151.778833333334,10767.893833333334,5484.264666666667,5283.628333333335,1867.3225,107.5,-0.13,1838.0383333333334,1177.205,2634.0,1427.205,465.26666666666665,2467.0,250.0,55.0,403.26666666666665,7.0,0.57
40,May-13,12.834741,13.271934,23.541164000000002,1.0494058510990099,0.8752397539628299,9170.862916666667,10789.715916666668,5495.216833333333,5294.498666666668,1871.26325,107.25,-0.12000000000000001,1840.2691666666667,1179.8525,2634.0,1429.8525,465.8333333333333,2467.0,250.0,55.0,403.8333333333333,7.0,0.74
41,Jun-13,3.5911246999999995,11.452957000000001,23.824417,1.0251548755484028,0.8542957296236691,9189.947,10811.538,5506.169,5305.3690000000015,1875.204,107.0,-0.11,1842.5,1182.5,2634.0,1432.5,466.4,2467.0,250.0,55.0,404.4,7.0,0.77
42,Jul-13,2.6368807,12.520373,26.149404999999998,1.0361780462532244,0.8642165832580084,9209.147583333333,10834.212333333333,5517.558,5316.654250000001,1879.3539166666667,106.58333333333333,-0.12666666666666668,1839.75,1179.75,2634.0,1429.75,466.96666666666664,2467.0,250.0,55.0,404.96666666666664,7.0,0.57
43,Aug-13,6.0982834,12.657208,25.260412,1.0350757291827422,0.8631142661875262,9228.348166666667,10856.886666666667,5528.947,5327.939500000001,1883.5038333333332,106.16666666666667,-0.14333333333333334,1837.0,1177.0,2634.0,1427.0,467.5333333333333,2467.0,250.0,55.0,405.5333333333333,7.0,0.59
44,Sep-13,17.423004,13.704013,25.648232,1.2875063383231553,1.0979078022002249,9247.54875,10879.561,5540.336,5339.224750000001,1887.65375,105.75,-0.16,1834.25,1174.25,2634.0,1424.25,468.09999999999997,2467.0,250.0,55.0,406.09999999999997,7.0,0.65
45,Oct-13,13.266826,13.902534,25.372675,1.2323904847990477,1.0438942657465995,9266.749333333333,10902.235333333334,5551.725,5350.510000000001,1891.8036666666667,105.33333333333333,-0.17666666666666667,1831.5,1171.5,2634.0,1421.5,468.66666666666663,2467.0,250.0,55.0,406.66666666666663,7.0,0.73
46,Nov-13,17.777054,13.114197,24.640951,1.24892524085628,1.062633655944796,9285.949916666666,10924.909666666666,5563.1140000000005,5361.795250000001,1895.9535833333332,104.91666666666667,-0.19333333333333333,1828.75,1168.75,2634.0,1418.75,469.2333333333333,2467.0,250.0,55.0,407.2333333333333,7.0,0.83
47,Dec-13,11.157236999999999,13.098747,23.763918,1.2356974360104942,1.038382680394189,9305.1505,10947.583999999999,5574.503000000001,5373.080500000001,1900.1035,104.5,-0.21000000000000002,1826.0,1166.0,2634.0,1416.0,469.79999999999995,2467.0,250.0,55.0,407.79999999999995,7.0,0.78
48,Jan-14,9.071207,13.302754,23.78727,1.2246742653056726,1.028461826759849,9324.351083333333,10970.258333333333,5585.892,5384.365750000001,1904.2534166666667,104.08333333333333,-0.22666666666666668,1823.25,1163.25,2634.0,1413.25,470.3666666666667,2467.0,250.0,55.0,408.3666666666667,7.0,0.55
49,Feb-14,11.895785,13.730078,24.144987,1.2841993871117088,1.0659406071562425,9343.551666666666,10992.932666666666,5597.281,5395.651000000001,1908.4033333333332,103.66666666666667,-0.24333333333333335,1820.5,1160.5,2634.0,1410.5,470.93333333333334,2467.0,250.0,55.0,408.93333333333334,7.0,0.6
50,Mar-14,13.416267,13.484363,24.287691,1.2786878017592982,1.0615313388743142,9362.75225,11015.607,5608.67,5406.936250000001,1912.55325,103.25,-0.26,1817.75,1157.75,2634.0,1407.75,471.5,2467.0,250.0,55.0,409.5,7.0,0.59
51,Apr-14,18.73455,12.418532,22.92461,1.2836482285764679,1.0642871315505191,9381.952833333333,11038.281333333332,5620.059,5418.221500000001,1916.7031666666667,102.83333333333333,-0.27666666666666667,1815.0,1155.0,2634.0,1405.0,472.06666666666666,2467.0,250.0,55.0,410.06666666666666,7.0,0.59
52,May-14,13.978163,14.087385000000001,23.502449,1.2886086553936376,1.0670429242267243,9401.153416666666,11060.955666666667,5631.448,5429.5067500000005,1920.8530833333332,102.41666666666667,-0.29333333333333333,1812.25,1152.25,2634.0,1402.25,472.6333333333333,2467.0,250.0,55.0,410.6333333333333,7.0,0.59
53,Jun-14,4.0638664,13.701742000000001,24.345251,1.2886086553936376,1.0670429242267243,9420.354,11083.63,5642.837,5440.792,1925.003,102.0,-0.31,1809.5,1149.5,2634.0,1399.5,473.2,2467.0,250.0,55.0,411.2,7.0,0.6
54,Jul-14,3.1624157,13.074539999999999,25.158953,1.2661948749605005,1.0466868023251539,9439.664999999999,11107.41675,5654.802083333334,5452.613333333334,1929.375,101.75,-0.2833333333333333,1809.6833333333334,1149.6833333333334,2634.0,1399.6833333333334,473.76666666666665,2467.0,250.0,55.0,411.76666666666665,7.0,0.57
55,Aug-14,6.828976999999999,12.70009,23.336628,1.2437810945273633,1.0263306804235834,9458.975999999999,11131.2035,5666.767166666667,5464.434666666667,1933.7469999999998,101.5,-0.25666666666666665,1809.8666666666668,1149.8666666666668,2634.0,1399.8666666666668,474.3333333333333,2467.0,250.0,55.0,412.3333333333333,7.0,0.55
56,Sep-14,15.434766000000002,13.656444,25.321497,1.2213673140942263,1.005974558522013,9478.287,11154.990249999999,5678.732250000001,5476.256,1938.119,101.25,-0.22999999999999998,1810.05,1150.05,2634.0,1400.05,474.9,2467.0,250.0,55.0,412.9,7.0,0.55
57,Oct-14,14.386446000000001,12.369201,22.94889,1.198953533661089,0.9856184366204427,9497.598,11178.777,5690.697333333334,5488.077333333334,1942.491,101.0,-0.2033333333333333,1810.2333333333333,1150.2333333333333,2634.0,1400.2333333333333,475.46666666666664,2467.0,250.0,55.0,413.46666666666664,7.0,0.53
58,Nov-14,16.519485,13.246315,23.718903,1.176539753227952,0.9652623147188722,9516.909,11202.563750000001,5702.662416666668,5499.898666666667,1946.863,100.75,-0.17666666666666667,1810.4166666666667,1150.4166666666667,2634.0,1400.4166666666667,476.0333333333333,2467.0,250.0,55.0,414.0333333333333,7.0,0.54
59,Dec-14,11.098806,12.340413999999999,23.496037,1.1541259727948148,0.9449061928173018,9536.22,11226.3505,5714.6275000000005,5511.72,1951.2350000000001,100.5,-0.15,1810.6,1150.6,2634.0,1400.6,476.6,2467.0,250.0,55.0,414.6,7.0,0.47
60,Jan-15,7.9645386,13.002754,23.920605,1.1317121923616777,0.9245500709157314,9555.530999999999,11250.13725,5726.592583333334,5523.541333333334,1955.607,100.25,-0.12333333333333332,1810.7833333333333,1150.7833333333333,2634.0,1400.7833333333333,477.1666666666667,2467.0,250.0,55.0,415.1666666666667,7.0,0.43
61,Feb-15,11.418843999999998,12.928861999999999,24.832487,1.1092984119285405,0.9041939490141611,9574.841999999999,11273.924,5738.5576666666675,5535.362666666667,1959.979,100.0,-0.09666666666666665,1810.9666666666667,1150.9666666666667,2634.0,1400.9666666666667,477.73333333333335,2467.0,250.0,55.0,415.73333333333335,7.0,0.38
62,Mar-15,13.081718,13.451029,23.95436,1.0868846314954035,0.8838378271125906,9594.152999999998,11297.710750000002,5750.522750000001,5547.184,1964.351,99.75,-0.06999999999999998,1811.15,1151.15,2634.0,1401.15,478.3,2467.0,250.0,55.0,416.3,7.0,0.48
63,Apr-15,19.050743,12.653081,21.900824,1.0644708510622665,0.8634817052110202,9613.464,11321.497500000001,5762.4878333333345,5559.0053333333335,1968.723,99.5,-0.043333333333333335,1811.3333333333335,1151.3333333333335,2634.0,1401.3333333333335,478.8666666666667,2467.0,250.0,55.0,416.8666666666667,7.0,0.6
64,May-15,13.978163,13.192767000000002,22.26495,1.0420570706291292,0.8431255833094498,9632.775,11345.28425,5774.452916666668,5570.826666666667,1973.095,99.25,-0.016666666666666663,1811.5166666666667,1151.5166666666667,2634.0,1401.5166666666667,479.43333333333334,2467.0,250.0,55.0,417.43333333333334,7.0,0.65
65,Jun-15,6.0110447,12.932124,23.208967,1.0196432901959922,0.8227694614078793,9652.086,11369.071000000002,5786.4180000000015,5582.648,1977.467,99.0,0.01,1811.7,1151.7,2634.0,1401.7,480.0,2467.0,250.0,55.0,418.0,7.0,0.66
66,Jul-15,2.7813990000000004,12.316207,24.264336,0.997229509762855,0.8024133395063089,9671.478916666667,11394.050666666668,5799.003916666668,5595.042333333334,1982.0703333333333,98.91666666666667,0.005,1811.7,1151.7,2634.0,1401.7,480.0,2467.0,250.0,55.0,418.0,7.0,0.48
67,Aug-15,5.606805,13.057208000000001,25.385414,0.9748157293297179,0.7820572176047385,9690.871833333333,11419.030333333334,5811.589833333335,5607.4366666666665,1986.6736666666668,98.83333333333333,0.0,1811.7,1151.7,2634.0,1401.7,480.0,2467.0,250.0,55.0,418.0,7.0,0.52
68,Sep-15,14.452507,13.513561,25.45778,0.9524019488965808,0.7617010957031681,9710.264749999998,11444.010000000002,5824.175750000001,5619.831,1991.277,98.75,-0.004999999999999999,1811.7,1151.7,2634.0,1401.7,480.0,2467.0,250.0,55.0,418.0,7.0,0.51
69,Oct-15,16.89638,14.227533,24.428059,0.9061046319363302,0.7242223153067748,9729.657666666666,11468.989666666668,5836.761666666668,5632.225333333334,1995.8803333333335,98.66666666666667,-0.01,1811.7,1151.7,2634.0,1401.7,480.0,2467.0,250.0,55.0,418.0,7.0,0.55
70,Nov-15,18.933244,12.823746,22.517167999999998,0.8840582905266872,0.7054829251085782,9749.050583333334,11493.969333333334,5849.347583333335,5644.6196666666665,2000.4836666666667,98.58333333333333,-0.015000000000000001,1811.7,1151.7,2634.0,1401.7,480.0,2467.0,250.0,55.0,418.0,7.0,0.61
71,Dec-15,12.030501000000001,13.252913000000001,24.072252,0.8840582905266872,0.7054829251085782,9768.4435,11518.949,5861.933500000001,5657.014,2005.087,98.5,-0.019999999999999997,1811.7,1151.7,2634.0,1401.7,480.0,2467.0,250.0,55.0,418.0,7.0,0.525
72,Jan-16,9.902304,14.440254000000001,24.39977,0.8840582905266872,0.7043806080380961,9787.836416666665,11543.928666666667,5874.519416666668,5669.408333333334,2009.6903333333335,98.41666666666667,-0.025,1811.7,1151.7,2634.0,1401.7,480.0,2467.0,250.0,55.0,418.0,7.0,0.44
73,Feb-16,12.080266,14.084244,25.07832,0.8807513393152406,0.7021759738971318,9807.229333333333,11568.908333333333,5887.105333333335,5681.8026666666665,2014.2936666666667,98.33333333333333,-0.03,1811.7,1151.7,2634.0,1401.7,480.0,2467.0,250.0,55.0,418.0,7.0,0.39
74,Mar-16,14.525575,14.005196,24.841858,0.8729190864460253,0.69614223835344,9826.62225,11593.887999999999,5899.691250000002,5694.197,2018.8970000000002,98.25,-0.034999999999999996,1811.7,1151.7,2634.0,1401.7,480.0,2467.0,250.0,55.0,418.0,7.0,0.39
75,Apr-16,19.505327,13.643532999999998,23.460894,0.86508683357681,0.6901085028097482,9846.015166666666,11618.867666666667,5912.277166666669,5706.591333333334,2023.5003333333334,98.16666666666667,-0.04,1811.7,1151.7,2634.0,1401.7,480.0,2467.0,250.0,55.0,418.0,7.0,0.59
76,May-16,13.978163,13.308218,22.723282,0.8572545807075947,0.6840747672660564,9865.408083333332,11643.847333333333,5924.8630833333345,5718.9856666666665,2028.1036666666669,98.08333333333333,-0.045,1811.7,1151.7,2634.0,1401.7,480.0,2467.0,250.0,55.0,418.0,7.0,0.58
77,Jun-16,4.312279500000001,12.768410000000001,23.924417000000002,0.8494223278383795,0.6780410317223646,9884.801,11668.827,5937.449000000001,5731.38,2032.707,98.0,-0.05,1811.7,1151.7,2634.0,1401.7,480.0,2467.0,250.0,55.0,418.0,7.0,0.48
78,Jul-16,5.3436676,12.795374,25.358953,0.8415900749691642,0.6720072961786729,9904.206166666667,11694.838166666666,5950.569666666668,5744.2702500000005,2037.5434166666669,98.0,-0.03833333333333334,1811.7,1151.7,2634.0,1401.7,480.0,2467.0,250.0,55.0,418.0,7.0,0.48
79,Aug-16,7.084391999999999,12.578041,25.206245000000003,0.8337578220999489,0.6659735606349811,9923.611333333332,11720.849333333332,5963.690333333335,5757.1605,2042.3798333333334,98.0,-0.02666666666666667,1811.7,1151.7,2634.0,1401.7,480.0,2467.0,250.0,55.0,418.0,7.0,0.51
80,Sep-16,13.328403,12.549846,24.494066,0.8259255692307336,0.6599398250912893,9943.0165,11746.860499999999,5976.8110000000015,5770.05075,2047.2162500000002,98.0,-0.015,1811.7,1151.7,2634.0,1401.7,480.0,2467.0,250.0,55.0,418.0,7.0,0.57
81,Oct-16,13.678886,12.959651,24.61851,0.8180933163615183,0.6539060895475975,9962.421666666667,11772.871666666666,5989.931666666667,5782.941,2052.052666666667,98.0,-0.003333333333333334,1811.7,1151.7,2634.0,1401.7,480.0,2467.0,250.0,55.0,418.0,7.0,0.62
82,Nov-16,16.519485,13.3779125,23.9505,0.810261063492303,0.6478723540039057,9981.826833333333,11798.882833333333,6003.052333333334,5795.83125,2056.8890833333335,98.0,0.008333333333333331,1811.7,1151.7,2634.0,1401.7,480.0,2467.0,250.0,55.0,418.0,7.0,0.69
83,Dec-16,11.098806,13.662463,24.818085,0.8024288106230877,0.641838618460214,10001.232,11824.894,6016.173000000001,5808.7215,2061.7255,98.0,0.020000000000000004,1811.7,1151.7,2634.0,1401.7,480.0,2467.0,250.0,55.0,418.0,7.0,0.73
84,Jan-17,7.8195464999999995,12.856921,25.133104,0.7945965577538723,0.6358048829165222,10020.637166666667,11850.905166666666,6029.293666666667,5821.61175,2066.561916666667,98.0,0.03166666666666666,1811.7,1151.7,2634.0,1401.7,480.0,2467.0,250.0,55.0,418.0,7.0,0.54
85,Feb-17,12.114295,13.105078,24.532486,0.7867643048846571,0.6297711473728304,10040.042333333333,11876.916333333333,6042.414333333334,5834.502,2071.3983333333335,98.0,0.043333333333333335,1811.7,1151.7,2634.0,1401.7,480.0,2467.0,250.0,55.0,418.0,7.0,0.6
86,Mar-17,14.359216,13.430195000000001,23.887691,0.7789320520154417,0.6237374118291386,10059.4475,11902.9275,6055.535,5847.39225,2076.23475,98.0,0.05500000000000001,1811.7,1151.7,2634.0,1401.7,480.0,2467.0,250.0,55.0,418.0,7.0,0.61
87,Apr-17,10.352963,13.564364999999999,24.303776,0.7710997991462264,0.6177036762854468,10078.852666666668,11928.938666666665,6068.655666666667,5860.2825,2081.0711666666666,98.0,0.06666666666666667,1811.7,1151.7,2634.0,1401.7,480.0,2467.0,250.0,55.0,418.0,7.0,0.64
88,May-17,13.978163,14.162385,23.57745,0.7632675462770111,0.611669940741755,10098.257833333333,11954.949833333332,6081.776333333333,5873.17275,2085.9075833333336,98.0,0.07833333333333332,1811.7,1151.7,2634.0,1401.7,480.0,2467.0,250.0,55.0,418.0,7.0,0.69
89,Jun-17,5.082584,13.533860999999998,24.010702,0.7554352934077958,0.6056362051980633,10117.663,11980.961,6094.897,5886.063,2090.744,98.0,0.09,1811.7,1151.7,2634.0,1401.7,480.0,2467.0,250.0,55.0,418.0,7.0,0.65
90,Jul-17,3.3443092,12.995374,24.50062,0.7476030405385805,0.5996024696543715,10136.991,12007.711749999999,6108.39825,5899.3125,2095.8117500000003,97.91666666666667,0.0925,1811.7,1151.7,2634.0,1401.7,480.0,2467.0,250.0,55.0,418.0,7.0,0.52
91,Aug-17,5.635193,14.190541,25.306245999999998,0.7397707876693652,0.5935687341106797,10156.319,12034.4625,6121.8994999999995,5912.562,2100.8795,97.83333333333333,0.095,1811.7,1151.7,2634.0,1401.7,480.0,2467.0,250.0,55.0,418.0,7.0,0.56
92,Sep-17,17.634874,13.704013,24.969067000000003,0.7319385348001499,0.5875349985669879,10175.647,12061.213249999999,6135.40075,5925.8115,2105.94725,97.75,0.0975,1811.7,1151.7,2634.0,1401.7,480.0,2467.0,250.0,55.0,418.0,7.0,0.6
93,Oct-17,14.816003,14.417985,24.818507999999998,0.7308362177296678,0.5853303644260235,10194.975,12087.964,6148.901999999999,5939.061,2111.015,97.66666666666667,0.09999999999999999,1811.7,1151.7,2634.0,1401.7,480.0,2467.0,250.0,55.0,418.0,7.0,0.6
94,Nov-17,16.644986,12.598745,23.171332999999997,0.7198130470248463,0.5765118278621663,10214.303,12114.71475,6162.403249999999,5952.3105,2116.08275,97.58333333333333,0.1025,1811.7,1151.7,2634.0,1401.7,480.0,2467.0,250.0,55.0,418.0,7.0,0.59
95,Dec-17,9.889947,12.29458,24.02937,0.7165060958133999,0.574307193721202,10233.631000000001,12141.465499999998,6175.904499999999,5965.5599999999995,2121.1504999999997,97.5,0.105,1811.7,1151.7,2634.0,1401.7,480.0,2467.0,250.0,55.0,418.0,7.0,0.53
96,Jan-18,8.288445,13.6753235,23.723554999999998,0.7165060958133999,0.574307193721202,10252.959,12168.21625,6189.405749999999,5978.8095,2126.21825,97.41666666666667,0.1075,1811.7,1151.7,2634.0,1401.7,480.0,2467.0,250.0,55.0,418.0,7.0,0.47
97,Feb-18,12.513676,12.950911,24.914604,0.7176084128838821,0.5754095107916841,10272.287,12194.966999999999,6202.906999999999,5992.059,2131.286,97.33333333333333,0.11,1811.7,1151.7,2634.0,1401.7,480.0,2467.0,250.0,55.0,418.0,7.0,0.43
98,Mar-18,14.442397,12.84148,22.765644,0.7120968275314712,0.5710002425097556,10291.615,12221.71775,6216.408249999999,6005.3085,2136.3537499999998,97.25,0.11249999999999999,1811.7,1151.7,2634.0,1401.7,480.0,2467.0,250.0,55.0,418.0,7.0,0.4
99,Apr-18,19.897902,13.007247999999999,22.734157999999997,0.7098921933905069,0.5698979254392734,10310.943,12248.468499999999,6229.909499999999,6018.558,2141.4215,97.16666666666667,0.11499999999999999,1811.7,1151.7,2634.0,1401.7,480.0,2467.0,250.0,55.0,418.0,7.0,0.48
100,May-18,13.978163,13.219503,22.634567,0.7087898763200248,0.5676932912983089,10330.271,12275.21925,6243.410749999998,6031.8075,2146.4892499999996,97.08333333333333,0.1175,1811.7,1151.7,2634.0,1401.7,480.0,2467.0,250.0,55.0,418.0,7.0,0.49
101,Jun-18,4.312279500000001,12.332125,23.588133,0.7065852421790604,0.5654886571573448,10349.599,12301.97,6256.911999999998,6045.057,2151.557,97.0,0.12,1811.7,1151.7,2634.0,1401.7,480.0,2467.0,250.0,55.0,418.0,7.0,0.46
102,Jul-18,3.1624157,12.695374000000001,24.779787,0.7903613395357041,0.6691064617826672,10349.599,12301.97,6256.911999999998,6045.057,2151.557,97.0,0.12,1811.7,1151.7,2634.0,1401.7,480.0,2467.0,250.0,55.0,418.0,7.0,0.36
103,Aug-18,6.393823199999999,12.730472,24.37951,0.7848497541832933,0.6646971935007386,10349.599,12301.97,6256.911999999998,6045.057,2151.557,97.0,0.12,1811.7,1151.7,2634.0,1401.7,480.0,2467.0,250.0,55.0,418.0,7.0,0.45
104,Sep-18,6.567036400000001,12.313561,25.136948,0.7804404859013647,0.6613902422892921,10349.599,12301.97,6256.911999999998,6045.057,2151.557,97.0,0.12,1811.7,1151.7,2634.0,1401.7,480.0,2467.0,250.0,55.0,418.0,7.0,0.48
105,Oct-18,14.386446000000001,13.317986,24.297676,0.7815428029718469,0.6613902422892921,10349.599,12301.97,6256.911999999998,6045.057,2151.557,97.0,0.12,1811.7,1151.7,2634.0,1401.7,480.0,2467.0,250.0,55.0,418.0,7.0,0.46
106,Nov-18,9.933335,13.457079,24.029667,0.7771335346899183,0.6580832910778457,10349.599,12301.97,6256.911999999998,6045.057,2151.557,97.0,0.12,1811.7,1151.7,2634.0,1401.7,480.0,2467.0,250.0,55.0,418.0,7.0,0.48
107,Dec-18,14.94187,13.598747,24.275204000000002,0.7738265834784718,0.6558786569368814,10349.599,12301.97,6256.911999999998,6045.057,2151.557,97.0,0.12,1811.7,1151.7,2634.0,1401.7,480.0,2467.0,250.0,55.0,418.0,7.0,0.5
